name,species,heat,region,origin,min_shu,max_shu,min_jrp,max_jrp,link,source_name
Bell Pepper,annuum,mild,Multi-Region,"Mexico, South America",0.0,0,-8000.0,-2500.0,http://www.pepperscale.com/bell-pepper,PepperScale
Gypsy Pepper,annuum,mild,North America,United States,0.0,0,-8000.0,-2500.0,http://www.pepperscale.com/gypsy-pepper,PepperScale
Purple Beauty Pepper,annuum,mild,South America,South America,0.0,0,-8000.0,-2500.0,http://www.pepperscale.com/purple-beauty-pepper,PepperScale
Melrose Pepper,annuum,mild,North America,United States,0.0,0,-8000.0,-2500.0,http://www.pepperscale.com/melrose-pepper,PepperScale
Banana Pepper ,annuum,mild,South America,South America,0.0,500,-8000.0,-5.0,http://www.pepperscale.com/banana-pepper,PepperScale
Trinidad Perfume,chinense,mild,Central America and the Caribbean,Caribbean,0.0,500,-8000.0,-5.0,http://www.pepperscale.com/trinidad-perfume/,PepperScale
Aji Dulce,chinense,mild,Central America and the Caribbean,Caribbean,0.0,1000,-8000.0,-3.0,http://www.pepperscale.com/aji-dulce/,PepperScale
Peperone Di Senise,annuum,mild,Europe,Italy,0.0,0,-8000.0,2500.0,http://www.pepperscale.com/peperone-di-senise/,PepperScale
Tangerine Dream Pepper,annuum,mild,North America,United States,0.0,100,-8000.0,-250.0,https://www.pepperscale.com/tangerine-dream-pepper/,PepperScale
California Wonder Pepper,annuum,mild,North America,United States,0.0,0,-2500.0,-8000.0,https://www.pepperscale.com/california-wonder-pepper/,PepperScale
Carmen Pepper,annuum,mild,Europe,Italy,0.0,0,-2500.0,-8000.0,https://www.pepperscale.com/carmen-pepper/,PepperScale
Medusa Pepper,annuum,mild,Multi-Region,"Mexico, South America",1.0,1000,-8000.0,-3.0,http://www.pepperscale.com/medusa-pepper,PepperScale
Chilly Chili,annuum,mild,North America,United States,1.0,1000,-8000.0,-2.0,https://www.pepperscale.com/chilly-chili/,PepperScale
Shishito Pepper,annuum,mild,Asia,Japan,50.0,200,-160.0,-13.0,http://www.pepperscale.com/shishito-pepper,PepperScale
Pepperoncini,annuum,mild,Europe,Italy,100.0,500,-80.0,-5.0,http://www.pepperscale.com/pepperoncini,PepperScale
Pimento Pepper,annuum,mild,,,100.0,500,-80.0,-5.0,http://www.pepperscale.com/pimento-pepper,PepperScale
Italian Long Hot Pepper,annuum,mild,Europe,Italy,100.0,1000,-80.0,-3.0,http://www.pepperscale.com/italian-long-hot-peppers,PepperScale
Cubanelle Pepper,annuum,mild,Multi-Region,"Italy, Cuba",100.0,1000,-80.0,-3.0,http://www.pepperscale.com/cubanelle-pepper,PepperScale
Mexibell Pepper,annuum,mild,North America,United States,100.0,1000,-3.0,-80.0,https://www.pepperscale.com/mexibell-pepper/,PepperScale
Piquillo Peppers,annuum,mild,Europe,Spain,500.0,1000,-16.0,-3.0,http://www.pepperscale.com/piquillo-peppers,PepperScale
Beaver Dam Pepper,annuum,mild,North America,United States,500.0,1000,-16.0,-3.0,http://www.pepperscale.com/beaver-dam-pepper,PepperScale
Padrón Pepper,annuum,mild,Europe,Spain,500.0,2500,-16.0,0.0,http://www.pepperscale.com/padron-pepper,PepperScale
Espelette Pepper,annuum,mild,Europe,France,500.0,4000,-16.0,0.0,http://www.pepperscale.com/espelette-pepper,PepperScale
Anaheim Pepper,annuum,mild,North America,Mexico,500.0,2500,-16.0,0.0,http://www.pepperscale.com/anaheim-pepper,PepperScale
Santa Fe Grande Pepper,annuum,mild,North America,United States,500.0,700,-3.0,-16.0,https://www.pepperscale.com/santa-fe-grande-pepper/,PepperScale
Cajun Belle Pepper,annuum,medium,North America,United States,500.0,4000,-5.0,0.0,https://www.pepperscale.com/cajun-belle-pepper/,PepperScale
Holy Mole Pepper,annuum,mild,North America,United States,700.0,800,-10.0,-3.0,http://www.pepperscale.com/holy-mole-pepper,PepperScale
Aji Panca,baccatum,mild,South America,Peru,1000.0,1500,-8.0,-2.0,http://www.pepperscale.com/aji-panca,PepperScale
Ancho Pepper,annuum,mild,North America,Mexico,1000.0,1500,-8.0,-2.0,http://www.pepperscale.com/ancho-pepper,PepperScale
Poblano Pepper,annuum,mild,North America,Mexico,1000.0,1500,-8.0,-2.0,http://www.pepperscale.com/poblano-peppers,PepperScale
Guindilla Pepper,annuum,mild,Europe,Spain,1000.0,2000,-8.0,0.0,http://www.pepperscale.com/guindilla-pepper,PepperScale
Chilaca Pepper,annuum,mild,North America,Mexico,1000.0,2500,-8.0,0.0,http://www.pepperscale.com/chilaca-pepper,PepperScale
Pasilla Pepper,annuum,mild,North America,Mexico,1000.0,2500,-8.0,0.0,http://www.pepperscale.com/pasilla-pepper,PepperScale
Cascabel Pepper,annuum,mild,North America,Mexico,1000.0,3000,-8.0,0.0,http://www.pepperscale.com/cascabel-pepper,PepperScale
Hatch Peppers,annuum,medium,North America,United States,1000.0,8000,-3.0,0.0,http://www.pepperscale.com/hatch-peppers,PepperScale
NuMex Centennial,annuum,medium,North America,United States,1000.0,5000,-5.0,0.0,http://www.pepperscale.com/numex-centennial/,PepperScale
Kashmiri Chili,annuum,mild,Asia,India,1000.0,2000,-8.0,0.0,https://www.pepperscale.com/kashmiri-chili/,PepperScale
Peppadew Pepper,baccatum,mild,Africa,Africa,1100.0,1200,-7.0,-2.0,http://www.pepperscale.com/peppadew-pepper,PepperScale
Rocotillo Pepper,baccatum,mild,South America,Peru,1500.0,2500,-5.0,0.0,http://www.pepperscale.com/rocotillo-pepper,PepperScale
Mulato Pepper,annuum,medium,North America,Mexico,2500.0,3000,-3.0,0.0,http://www.pepperscale.com/mulato-pepper,PepperScale
Cherry Bomb Pepper,annuum,medium,North America,United States,2500.0,5000,0.0,0.0,http://www.pepperscale.com/cherry-bomb-pepper,PepperScale
Cowhorn Pepper,annuum,medium,South America,South America,2500.0,5000,0.0,0.0,http://www.pepperscale.com/cowhorn-pepper,PepperScale
Guajillo Pepper,annuum,medium,North America,Mexico,2500.0,5000,0.0,0.0,http://www.pepperscale.com/guajillo-pepper,PepperScale
Jalapeño Pepper,annuum,medium,North America,Mexico,2500.0,8000,0.0,0.0,http://www.pepperscale.com/jalapeno-peppers,PepperScale
Purple Jalapeño Pepper,annuum,medium,North America,Mexico,2500.0,8000,0.0,0.0,http://www.pepperscale.com/purple-jalapeno-pepper,PepperScale
Chipotle Pepper,annuum,medium,North America,Mexico,2500.0,8000,0.0,0.0,http://www.pepperscale.com/chipotle-pepper,PepperScale
Fresno Pepper,annuum,medium,North America,United States,2500.0,10000,0.0,0.0,http://www.pepperscale.com/fresno-pepper,PepperScale
Chimayo Pepper,annuum,medium,North America,United States,4000.0,6000,0.0,0.0,http://www.pepperscale.com/chimayo-pepper,PepperScale
Sandia Pepper,annuum,medium,North America,United States,5000.0,7000,0.0,0.0,http://www.pepperscale.com/sandia-pepper,PepperScale
Puya Pepper,annuum,medium,North America,Mexico,5000.0,8000,0.0,0.0,http://www.pepperscale.com/puya-pepper,PepperScale
Hungarian Wax Pepper,annuum,medium,Europe,Hungary,5000.0,10000,0.0,4.0,http://www.pepperscale.com/hungarian-wax-pepper,PepperScale
Black Hungarian Pepper,annuum,medium,Europe,Hungary,5000.0,10000,0.0,4.0,http://www.pepperscale.com/black-hungarian-pepper,PepperScale
Bishop&#039;s Crown Pepper,baccatum,medium,South America,South America,5000.0,30000,0.0,12.0,http://www.pepperscale.com/bishops-crown-pepper,PepperScale
Bulgarian Carrot Pepper,annuum,medium,Europe,Hungary,5000.0,30000,0.0,12.0,http://www.pepperscale.com/bulgarian-carrot-pepper,PepperScale
Fish Pepper,annuum,medium,North America,United States,5000.0,30000,0.0,12.0,http://www.pepperscale.com/fish-pepper,PepperScale
Hinkelhatz Pepper,annuum,medium,North America,United States,5000.0,30000,0.0,16.0,https://www.pepperscale.com/hinkelhatz-pepper/,PepperScale
Aleppo Pepper,annuum,medium,Middle East,Syria,10000.0,10000,0.0,4.0,http://www.pepperscale.com/aleppo-pepper,PepperScale
Peter Pepper,annuum,medium,North America,United States,10000.0,23000,0.0,9.0,http://www.pepperscale.com/peter-pepper,PepperScale
Serrano Pepper,annuum,medium,North America,United States,10000.0,23000,0.0,9.0,http://www.pepperscale.com/serrano-peppers,PepperScale
Sport Peppers,annuum,medium,North America,Mexico,10000.0,23000,0.0,9.0,http://www.pepperscale.com/sport-peppers,PepperScale
Bolivian Rainbow Pepper,annuum,medium,South America,Bolivia,10000.0,30000,4.0,12.0,http://www.pepperscale.com/bolivian-rainbow-pepper,PepperScale
Black Pearl Pepper,annuum,medium,North America,United States,10000.0,30000,4.0,12.0,http://www.pepperscale.com/black-pearl-pepper,PepperScale
Manzano Pepper,pubescens,medium,South America,South America,12000.0,30000,2.0,12.0,http://www.pepperscale.com/manzano-pepper,PepperScale
Japones Pepper,annuum,medium,Asia,Japan,15000.0,30000,2.0,12.0,http://www.pepperscale.com/japones-pepper,PepperScale
Lemon Drop Pepper,baccatum,medium,South America,Peru,15000.0,30000,2.0,12.0,http://www.pepperscale.com/lemon-drop-pepper,PepperScale
Chile De Àrbol,annuum,medium,North America,Mexico,15000.0,30000,2.0,12.0,http://www.pepperscale.com/chile-de-arbol,PepperScale
Black Cobra Pepper,annuum,medium,South America,South America,20000.0,40000,3.0,16.0,http://www.pepperscale.com/black-cobra-pepper,PepperScale
Jwala Pepper,annuum,medium,Asia,India,20000.0,30000,3.0,12.0,http://www.pepperscale.com/jwala-pepper,PepperScale
NuMex Twilight,annuum,medium,North America,United States,30000.0,50000,4.0,20.0,http://www.pepperscale.com/numex-twilight,PepperScale
Aji Amarillo,baccatum,medium,South America,Peru,30000.0,50000,4.0,20.0,http://www.pepperscale.com/aji-amarillo,PepperScale
Aji Charapita,chinense,medium,South America,Peru,30000.0,50000,4.0,20.0,http://www.pepperscale.com/aji-charapita,PepperScale
Aji Omnicolor,baccatum,medium,South America,Peru,30000.0,50000,4.0,20.0,http://www.pepperscale.com/aji-omnicolor,PepperScale
Tabasco Pepper,frutescens,medium,Central America and the Caribbean,Costa Rica,30000.0,50000,4.0,20.0,http://www.pepperscale.com/tabasco-pepper,PepperScale
Cayenne Pepper,annuum,medium,South America,French Guyana,30000.0,50000,4.0,20.0,http://www.pepperscale.com/cayenne-pepper,PepperScale
Rocoto Pepper,pubescens,medium,South America,South America,30000.0,100000,4.0,40.0,http://www.pepperscale.com/rocoto-pepper,PepperScale
Rooster Spur Pepper,annuum,medium,North America,United States,30000.0,50000,4.0,20.0,https://www.pepperscale.com/rooster-spur-pepper/,PepperScale
Super Chili Pepper,annuum,medium,North America,United States,40000.0,50000,5.0,20.0,http://www.pepperscale.com/super-chili-pepper,PepperScale
Pequin Pepper,annuum,medium,North America,Mexico,40000.0,60000,5.0,24.0,http://www.pepperscale.com/pequin-pepper,PepperScale
Tien Tsin Pepper,annuum,medium,Asia,China,50000.0,75000,6.0,30.0,http://www.pepperscale.com/tien-tsin-pepper,PepperScale
Malagueta Pepper,frutescens,extra hot,South America,Brazil,50000.0,100000,6.0,40.0,http://www.pepperscale.com/malagueta-pepper,PepperScale
Chiltepin Pepper,annuum,extra hot,North America,United States,50000.0,100000,6.0,40.0,http://www.pepperscale.com/chiltepin-pepper,PepperScale
Thai Pepper,annuum,extra hot,Asia,Thailand,50000.0,100000,6.0,40.0,http://www.pepperscale.com/thai-peppers,PepperScale
Byadgi Chili,annuum,extra hot,Asia,India,50000.0,100000,6.0,40.0,https://www.pepperscale.com/byadgi-chili/,PepperScale
Dundicut Pepper,annuum,extra hot,Asia,Pakistan,55000.0,65000,7.0,26.0,http://www.pepperscale.com/dundicut-pepper/,PepperScale
Cheiro Roxa,chinense,extra hot,South America,Brazil,60000.0,80000,8.0,32.0,https://www.pepperscale.com/cheiro-roxa/,PepperScale
Prairie Fire Pepper,annuum,extra hot,North America,Mexico,70000.0,80000,9.0,32.0,http://www.pepperscale.com/prairie-fire-pepper,PepperScale
Charleston Hot Pepper,annuum,extra hot,North America,United States,70000.0,100000,9.0,40.0,http://www.pepperscale.com/charleston-hot-pepper,PepperScale
Siling Labuyo,frutescens,extra hot,Asia,Phillipines,80000.0,100000,10.0,40.0,https://www.pepperscale.com/siling-labuyo/,PepperScale
Datil Pepper,chinense,extra hot,North America,United States,100000.0,300000,12.0,120.0,http://www.pepperscale.com/datil-pepper,PepperScale
Wiri Wiri Pepper,chinense,extra hot,South America,South America,100000.0,350000,12.0,140.0,http://www.pepperscale.com/wiri-wiri-pepper,PepperScale
Scotch Bonnet Pepper,chinense,extra hot,Central America and the Caribbean,Caribbean,100000.0,350000,12.0,140.0,http://www.pepperscale.com/scotch-bonnet-pepper,PepperScale
Habanero Pepper,chinense,extra hot,South America,South America,100000.0,350000,12.0,140.0,http://www.pepperscale.com/habanero-pepper,PepperScale
Peruvian White Habanero,chinense,extra hot,South America,Peru,100000.0,350000,12.0,140.0,http://www.pepperscale.com/peruvian-white-habanero,PepperScale
Goat Pepper,chinense,extra hot,Central America and the Caribbean,Caribbean,100000.0,350000,12.0,140.0,http://www.pepperscale.com/goat-pepper,PepperScale
Madame Jeanette Pepper,chinense,extra hot,South America,South America,125000.0,325000,15.0,130.0,http://www.pepperscale.com/madame-jeanette-pepper,PepperScale
Fatalii Pepper,chinense,extra hot,Africa,Africa,125000.0,400000,14.0,160.0,http://www.pepperscale.com/fatalii-pepper,PepperScale
Devil’s Tongue Pepper,chinense,extra hot,North America,United States,125000.0,325000,16.0,130.0,https://www.pepperscale.com/devils-tongue-pepper/,PepperScale
Aji Chombo,chinense,extra hot,Central America and the Caribbean,Panama,150000.0,350000,18.0,140.0,http://www.pepperscale.com/aji-chombo/,PepperScale
Caribbean Red Habanero,chinense,super hot,North America,Mexico,300000.0,445000,35.0,178.0,http://www.pepperscale.com/caribbean-red-habanero,PepperScale
Red Savina Habanero,chinense,super hot,North America,United States,350000.0,577000,44.0,231.0,http://www.pepperscale.com/red-savina-habanero,PepperScale
Chocolate Habanero,chinense,super hot,Central America and the Caribbean,Jamaica,425000.0,577000,53.0,231.0,http://www.pepperscale.com/chocolate-habanero,PepperScale
Bhut Jolokia Chocolate,chinense,super hot,Asia,India,800000.0,1001304,100.0,400.0,http://www.pepperscale.com/bhut-jolokia-chocolate,PepperScale
Trinidad Scorpion “Butch T”,chinense,super hot,Australia and Oceania,Australia,800000.0,1463700,100.0,585.0,https://www.pepperscale.com/trinidad-scorpion-butch-t/,PepperScale
7 Pot Primo,chinense,super hot,North America,United States,800000.0,1268250,100.0,507.0,https://www.pepperscale.com/7-pot-primo/,PepperScale
7 Pot Jonah,chinense,super hot,Central America and the Caribbean,Trinidad,800000.0,1200000,100.0,480.0,https://www.pepperscale.com/7-pot-jonah/,PepperScale
7 Pot Bubblegum,chinense,super hot,Europe,United Kingdom,850000.0,1000000,106.0,400.0,https://www.pepperscale.com/7-pot-bubblegum/,PepperScale
Ghost Pepper,chinense,super hot,Asia,India,855000.0,1041427,107.0,417.0,http://www.pepperscale.com/ghost-pepper,PepperScale
Naga Viper,chinense,super hot,Europe,United Kingdom,900000.0,1382118,113.0,553.0,https://www.pepperscale.com/naga-viper/,PepperScale
7 Pot Douglah,chinense,super hot,Central America and the Caribbean,Trinidad,923889.0,1853986,109.0,742.0,https://www.pepperscale.com/7-pot-douglah/,PepperScale
Naga Morich,chinense,super hot,Asia,India,1000000.0,1500000,125.0,600.0,http://www.pepperscale.com/naga-morich,PepperScale
Dorset Naga,chinense,super hot,Europe,United Kingdom,1000000.0,1598227,125.0,639.0,http://www.pepperscale.com/dorset-naga,PepperScale
Trinidad 7 Pot Pepper,chinense,super hot,Central America and the Caribbean,Trinidad,1000000.0,1200000,125.0,480.0,https://www.pepperscale.com/7-pot-pepper/,PepperScale
7 Pot Brain Strain,chinense,super hot,Central America and the Caribbean,Trinidad,1000000.0,1350000,125.0,540.0,https://www.pepperscale.com/7-pot-brain-strain/,PepperScale
7 Pot Barrackpore,chinense,super hot,Central America and the Caribbean,Trinidad,1000000.0,1300000,125.0,520.0,https://www.pepperscale.com/7-pot-barrackpore/,PepperScale
Infinity Pepper,chinense,super hot,Europe,United Kingdom,1067286.0,1250000,133.0,500.0,http://www.pepperscale.com/infinity-pepper,PepperScale
Trinidad Moruga Scorpion,chinense,super hot,Central America and the Caribbean,Trinidad,1200000.0,2000000,150.0,800.0,http://www.pepperscale.com/trinidad-moruga-scorpion,PepperScale
Trinidad Scorpion Chocolate,chinense,super hot,Central America and the Caribbean,Trinidad,1200000.0,2000000,150.0,800.0,http://www.pepperscale.com/trinidad-scorpion-chocolate,PepperScale
Carolina Reaper,chinense,super hot,North America,United States,1400000.0,2200000,175.0,880.0,http://www.pepperscale.com/carolina-reaper,PepperScale
Komodo Dragon Pepper,chinense,super hot,Europe,United Kingdom,1400000.0,2200000,175.0,880.0,https://www.pepperscale.com/komodo-dragon-pepper/,PepperScale
Pepper Spray,,super hot,,,2000000.0,5300000,250.0,2120.0,http://www.pepperscale.com/pepper-spray,PepperScale
Pure Capsaicin,,super hot,,,15000000.0,16000000,1875.0,6400.0,http://www.pepperscale.com/capsaicin,PepperScale
Dragon’s Breath Pepper,chinense,super hot,Europe,United Kingdom,,2480000,310.0,992.0,https://www.pepperscale.com/dragons-breath-pepper/,PepperScale
Dragon's Breath Pepper,,,,United Kingdom,,2480000,,,https://www.chilliworld.com/factfile/scoville-scale#ChilliPepperScovilleScale,ChiliWorld
Carolina Reaper Pepper,,,,United States,1569300.0,2200000,,,https://www.chilliworld.com/factfile/scoville-scale#ChilliPepperScovilleScale,ChiliWorld
Trinidad Scorpion Butch T Pepper,,,,Australia,,1463700,,,https://www.chilliworld.com/factfile/scoville-scale#ChilliPepperScovilleScale,ChiliWorld
Naga Viper Pepper,,,,United Kingdom,,1382118,,,https://www.chilliworld.com/factfile/scoville-scale#ChilliPepperScovilleScale,ChiliWorld
Naga Bhut Jolokia Pepper,,,,,,1041427,,,https://www.chilliworld.com/factfile/scoville-scale#ChilliPepperScovilleScale,ChiliWorld
Dorset Naga Pepper,,,,,,923000,,,https://www.chilliworld.com/factfile/scoville-scale#ChilliPepperScovilleScale,ChiliWorld
Naga Jolokia Pepper,,,,,,855000,,,https://www.chilliworld.com/factfile/scoville-scale#ChilliPepperScovilleScale,ChiliWorld
Red Savina Habanero Pepper,,,,,350000.0,577000,,,https://www.chilliworld.com/factfile/scoville-scale#ChilliPepperScovilleScale,ChiliWorld
Habanero Pepper,,,,,100000.0,350000,,,https://www.chilliworld.com/factfile/scoville-scale#ChilliPepperScovilleScale,ChiliWorld
Scotch Bonnet Pepper,,,,,100000.0,325000,,,https://www.chilliworld.com/factfile/scoville-scale#ChilliPepperScovilleScale,ChiliWorld
Birds Eye Pepper,,,,,100000.0,225000,,,https://www.chilliworld.com/factfile/scoville-scale#ChilliPepperScovilleScale,ChiliWorld
Jamaican Hot Pepper,,,,,100000.0,200000,,,https://www.chilliworld.com/factfile/scoville-scale#ChilliPepperScovilleScale,ChiliWorld
Carolina Cayenne Pepper,,,,,100000.0,125000,,,https://www.chilliworld.com/factfile/scoville-scale#ChilliPepperScovilleScale,ChiliWorld
Bahamian Pepper,,,,,95000.0,110000,,,https://www.chilliworld.com/factfile/scoville-scale#ChilliPepperScovilleScale,ChiliWorld
Tabiche Pepper,,,,,85000.0,115000,,,https://www.chilliworld.com/factfile/scoville-scale#ChilliPepperScovilleScale,ChiliWorld
Red Amazon Pepper,,,,,75000.0,80000,,,https://www.chilliworld.com/factfile/scoville-scale#ChilliPepperScovilleScale,ChiliWorld
Thai Pepper,,,,,50000.0,100000,,,https://www.chilliworld.com/factfile/scoville-scale#ChilliPepperScovilleScale,ChiliWorld
Chiltepin Pepper,,,,,50000.0,100000,,,https://www.chilliworld.com/factfile/scoville-scale#ChilliPepperScovilleScale,ChiliWorld
Piquin Pepper,,,,,40000.0,58000,,,https://www.chilliworld.com/factfile/scoville-scale#ChilliPepperScovilleScale,ChiliWorld
Super Chile Pepper,,,,,40000.0,50000,,,https://www.chilliworld.com/factfile/scoville-scale#ChilliPepperScovilleScale,ChiliWorld
Santaka Pepper,,,,,40000.0,50000,,,https://www.chilliworld.com/factfile/scoville-scale#ChilliPepperScovilleScale,ChiliWorld
Cayenne Pepper,,,,,30000.0,50000,,,https://www.chilliworld.com/factfile/scoville-scale#ChilliPepperScovilleScale,ChiliWorld
Tabasco Pepper,,,,,30000.0,50000,,,https://www.chilliworld.com/factfile/scoville-scale#ChilliPepperScovilleScale,ChiliWorld
De Arbol Pepper,,,,,15000.0,30000,,,https://www.chilliworld.com/factfile/scoville-scale#ChilliPepperScovilleScale,ChiliWorld
Manzano Pepper,,,,,12000.0,30000,,,https://www.chilliworld.com/factfile/scoville-scale#ChilliPepperScovilleScale,ChiliWorld
Serrano Pepper,,,,,6000.0,23000,,,https://www.chilliworld.com/factfile/scoville-scale#ChilliPepperScovilleScale,ChiliWorld
Hot Wax Pepper,,,,,5000.0,10000,,,https://www.chilliworld.com/factfile/scoville-scale#ChilliPepperScovilleScale,ChiliWorld
Chipotle Pepper,,,,,5000.0,10000,,,https://www.chilliworld.com/factfile/scoville-scale#ChilliPepperScovilleScale,ChiliWorld
Santaka Pepper,,,,,2500.0,8000,,,https://www.chilliworld.com/factfile/scoville-scale#ChilliPepperScovilleScale,ChiliWorld
Jalapeño Pepper,,,,,2500.0,5000,,,https://www.chilliworld.com/factfile/scoville-scale#ChilliPepperScovilleScale,ChiliWorld
Guajilla Pepper,,,,,2500.0,5000,,,https://www.chilliworld.com/factfile/scoville-scale#ChilliPepperScovilleScale,ChiliWorld
Rocotilla Pepper,,,,,1500.0,2500,,,https://www.chilliworld.com/factfile/scoville-scale#ChilliPepperScovilleScale,ChiliWorld
Pasilla Pepper,,,,,1000.0,2000,,,https://www.chilliworld.com/factfile/scoville-scale#ChilliPepperScovilleScale,ChiliWorld
Ancho Pepper,,,,,1000.0,2000,,,https://www.chilliworld.com/factfile/scoville-scale#ChilliPepperScovilleScale,ChiliWorld
Poblano Pepper,,,,,1000.0,2000,,,https://www.chilliworld.com/factfile/scoville-scale#ChilliPepperScovilleScale,ChiliWorld
Coronado Pepper,,,,,700.0,1000,,,https://www.chilliworld.com/factfile/scoville-scale#ChilliPepperScovilleScale,ChiliWorld
Anaheim Pepper,,,,,500.0,2500,,,https://www.chilliworld.com/factfile/scoville-scale#ChilliPepperScovilleScale,ChiliWorld
New Mexico Pepper,,,,,500.0,1000,,,https://www.chilliworld.com/factfile/scoville-scale#ChilliPepperScovilleScale,ChiliWorld
Santa Fe Grande Pepper,,,,,400.0,700,,,https://www.chilliworld.com/factfile/scoville-scale#ChilliPepperScovilleScale,ChiliWorld
Cubanelle Pepper,,,,,100.0,1000,,,https://www.chilliworld.com/factfile/scoville-scale#ChilliPepperScovilleScale,ChiliWorld
Oncini Pepper,,,,,100.0,500,,,https://www.chilliworld.com/factfile/scoville-scale#ChilliPepperScovilleScale,ChiliWorld
Pimento Pepper,,,,,100.0,500,,,https://www.chilliworld.com/factfile/scoville-scale#ChilliPepperScovilleScale,ChiliWorld
Sweet Bell Pepper,,,,,,0,,,https://www.chilliworld.com/factfile/scoville-scale#ChilliPepperScovilleScale,ChiliWorld
All Sweet Bells,,,,,,0,,,"<td align=""center"" width=""75""> </td>",Uncle Steve's Hot Stuff
Aconcagua,,,,,,0,,,"<td align=""center"" width=""75""> </td>",Uncle Steve's Hot Stuff
Aji Chuncho,,,,,,0,,,"<td align=""center"" width=""75""> </td>",Uncle Steve's Hot Stuff
Aladdin,,,,,,0,,,"<td align=""center"" width=""75""> </td>",Uncle Steve's Hot Stuff
Branco Diamante,,,,,,0,,,"<td align=""center"" width=""75""> </td>",Uncle Steve's Hot Stuff
Carliston,,,,,,0,,,"<td align=""center"" width=""75""> </td>",Uncle Steve's Hot Stuff
Carmagnola Rosso,,,,,,0,,,"<td align=""center"" width=""75""> </td>",Uncle Steve's Hot Stuff
Corno Verde,,,,,,0,,,"<td align=""center"" width=""75""> </td>",Uncle Steve's Hot Stuff
Corona,,,,,,0,,,"<td align=""center"" width=""75""> </td>",Uncle Steve's Hot Stuff
Cuneo Giallo,,,,,,0,,,"<td align=""center"" width=""75""> </td>",Uncle Steve's Hot Stuff
Diamond White,,,,,,0,,,"<td align=""center"" width=""75""> </td>",Uncle Steve's Hot Stuff
Dove,,,,,,0,,,"<td align=""center"" width=""75""> </td>",Uncle Steve's Hot Stuff
Early Sunsation,,,,,,0,,,"<td align=""center"" width=""75""> </td>",Uncle Steve's Hot Stuff
Etham,,,,,,0,,,"<td align=""center"" width=""75""> </td>",Uncle Steve's Hot Stuff
Figaro,,,,,,0,,,"<td align=""center"" width=""75""> </td>",Uncle Steve's Hot Stuff
Filfil Darah,,,,,,0,,,"<td align=""center"" width=""75""> </td>",Uncle Steve's Hot Stuff
Fushimi,,,,,,0,,,"<td align=""center"" width=""75""> </td>",Uncle Steve's Hot Stuff
Gigante,,,,,,0,,,"<td align=""center"" width=""75""> </td>",Uncle Steve's Hot Stuff
Greygo,,,,,,0,,,"<td align=""center"" width=""75""> </td>",Uncle Steve's Hot Stuff
Hershey,,,,,,0,,,"<td align=""center"" width=""75""> </td>",Uncle Steve's Hot Stuff
Hungarian Wax,,,,,,0,,,"<td align=""center"" width=""75""> </td>",Uncle Steve's Hot Stuff
Islander,,,,,,0,,,"<td align=""center"" width=""75""> </td>",Uncle Steve's Hot Stuff
Jimmy Nardello,,,,,,0,,,"<td align=""center"" width=""75""> </td>",Uncle Steve's Hot Stuff
Jingle Bells,,,,,,0,,,"<td align=""center"" width=""75""> </td>",Uncle Steve's Hot Stuff
Jupiter,,,,,,0,,,"<td align=""center"" width=""75""> </td>",Uncle Steve's Hot Stuff
Kaala,,,,,,0,,,"<td align=""center"" width=""75""> </td>",Uncle Steve's Hot Stuff
Kandil,,,,,,0,,,"<td align=""center"" width=""75""> </td>",Uncle Steve's Hot Stuff
Marconi Purple,,,,,,0,,,"<td align=""center"" width=""75""> </td>",Uncle Steve's Hot Stuff
NuMex Conquistador,,,,,,0,,,"<td align=""center"" width=""75""> </td>",Uncle Steve's Hot Stuff
Orage Sun,,,,,,0,,,"<td align=""center"" width=""75""> </td>",Uncle Steve's Hot Stuff
Pimento,,,,,,0,,,"<td align=""center"" width=""75""> </td>",Uncle Steve's Hot Stuff
Purple Beauty,,,,,,0,,,"<td align=""center"" width=""75""> </td>",Uncle Steve's Hot Stuff
Quadrato D'Asti,,,,,,0,,,"<td align=""center"" width=""75""> </td>",Uncle Steve's Hot Stuff
Sweet Banana,,,,,,0,,,"<td align=""center"" width=""75""> </td>",Uncle Steve's Hot Stuff
Tangerine,,,,,,0,,,"<td align=""center"" width=""75""> </td>",Uncle Steve's Hot Stuff
Hot Navajo,,,,,50.0,150,,,"<td align=""center"" width=""75""> </td>",Uncle Steve's Hot Stuff
Paprika-Super Red,,,,,50.0,200,,,"<td align=""center"" width=""75""> </td>",Uncle Steve's Hot Stuff
Hot Cherry,annuum,low-medium,,,50.0,500,,,http://ushotstuff.com/pepper-seeds/RedCherrySeeds.htm,Uncle Steve's Hot Stuff
Avalon Button,,,,,100.0,500,,,"<td align=""center"" width=""75""> </td>",Uncle Steve's Hot Stuff
Babura Zelena,,,,,100.0,500,,,"<td align=""center"" width=""75""> </td>",Uncle Steve's Hot Stuff
Baldi,,,,,100.0,500,,,"<td align=""center"" width=""75""> </td>",Uncle Steve's Hot Stuff
Cachucha,,,,,100.0,500,,,"<td align=""center"" width=""75""> </td>",Uncle Steve's Hot Stuff
Cambuci,,,,,100.0,500,,,"<td align=""center"" width=""75""> </td>",Uncle Steve's Hot Stuff
Catarina,,,,,100.0,500,,,"<td align=""center"" width=""75""> </td>",Uncle Steve's Hot Stuff
Chilhuacle,,,,,100.0,500,,,"<td align=""center"" width=""75""> </td>",Uncle Steve's Hot Stuff
Corbaci,,,,,100.0,500,,,"<td align=""center"" width=""75""> </td>",Uncle Steve's Hot Stuff
Criollo,,,,,100.0,500,,,"<td align=""center"" width=""75""> </td>",Uncle Steve's Hot Stuff
Feher Ozon Paprika,,,,,100.0,500,,,"<td align=""center"" width=""75""> </td>",Uncle Steve's Hot Stuff
Frutka,,,,,100.0,500,,,"<td align=""center"" width=""75""> </td>",Uncle Steve's Hot Stuff
Georgescu Chocolate,,,,,100.0,500,,,"<td align=""center"" width=""75""> </td>",Uncle Steve's Hot Stuff
Guajilla de Zihutenejo,,,,,100.0,500,,,"<td align=""center"" width=""75""> </td>",Uncle Steve's Hot Stuff
Karlo,,,,,100.0,500,,,"<td align=""center"" width=""75""> </td>",Uncle Steve's Hot Stuff
Keystone Giant,,,,,100.0,500,,,"<td align=""center"" width=""75""> </td>",Uncle Steve's Hot Stuff
NuMex Sunburst,,,,,100.0,500,,,"<td align=""center"" width=""75""> </td>",Uncle Steve's Hot Stuff
Pepperoncini,,,,,100.0,500,,,"<td align=""center"" width=""75""> </td>",Uncle Steve's Hot Stuff
NuMex Eclipse,,,,,300.0,500,,,"<td align=""center"" width=""75""> </td>",Uncle Steve's Hot Stuff
Sonora,,,,,300.0,600,,,"<td align=""center"" width=""75""> </td>",Uncle Steve's Hot Stuff
Holy Mole,,,,,400.0,700,,,"<td align=""center"" width=""75""> </td>",Uncle Steve's Hot Stuff
NuMex Suave Orange,,,,,500.0,850,,,"<td align=""center"" width=""75""> </td>",Uncle Steve's Hot Stuff
NuMex Suave Red,,,,,500.0,850,,,"<td align=""center"" width=""75""> </td>",Uncle Steve's Hot Stuff
El-Paso,,,,,500.0,700,,,"<td align=""center"" width=""75""> </td>",Uncle Steve's Hot Stuff
Santa Fe Grande,,,,,500.0,750,,,"<td align=""center"" width=""75""> </td>",Uncle Steve's Hot Stuff
Cubanelle,,,,,300.0,1000,,,"<td align=""center"" width=""75""> </td>",Uncle Steve's Hot Stuff
Agua Blanca,,,,,500.0,1000,,,"<td align=""center"" width=""75""> </td>",Uncle Steve's Hot Stuff
NuMex R Naky,,,,,500.0,1000,,,"<td align=""center"" width=""75""> </td>",Uncle Steve's Hot Stuff
Ametista,,,,,500.0,1000,,,"<td align=""center"" width=""75""> </td>",Uncle Steve's Hot Stuff
Beaver Dam,,,,,500.0,1000,,,"<td align=""center"" width=""75""> </td>",Uncle Steve's Hot Stuff
Bedgi,,,,,500.0,1000,,,"<td align=""center"" width=""75""> </td>",Uncle Steve's Hot Stuff
Biquinho,,,,,500.0,1000,,,"<td align=""center"" width=""75""> </td>",Uncle Steve's Hot Stuff
Brinco de Princesa,,,,,500.0,1000,,,"<td align=""center"" width=""75""> </td>",Uncle Steve's Hot Stuff
Calistan,,,,,500.0,1000,,,"<td align=""center"" width=""75""> </td>",Uncle Steve's Hot Stuff
Escabeche,,,,,500.0,1000,,,"<td align=""center"" width=""75""> </td>",Uncle Steve's Hot Stuff
Gana Redonda,,,,,500.0,1000,,,"<td align=""center"" width=""75""> </td>",Uncle Steve's Hot Stuff
NuMex Sunflare,,,,,500.0,1000,,,"<td align=""center"" width=""75""> </td>",Uncle Steve's Hot Stuff
NuMex Sunglo,,,,,500.0,1000,,,"<td align=""center"" width=""75""> </td>",Uncle Steve's Hot Stuff
NuMex Sunrise,,,,,500.0,1000,,,"<td align=""center"" width=""75""> </td>",Uncle Steve's Hot Stuff
NuMex Twilight,,,,,800.0,1000,,,"<td align=""center"" width=""75""> </td>",Uncle Steve's Hot Stuff
Peppadew,,,,,900.0,1200,,,"<td align=""center"" width=""75""> </td>",Uncle Steve's Hot Stuff
Romanian Hot,,,,,800.0,1400,,,"<td align=""center"" width=""75""> </td>",Uncle Steve's Hot Stuff
Georgia Flame,,,,,1000.0,1500,,,"<td align=""center"" width=""75""> </td>",Uncle Steve's Hot Stuff
Achar,,,,,1000.0,1500,,,"<td align=""center"" width=""75""> </td>",Uncle Steve's Hot Stuff
Aji Panca,,,,,1000.0,1500,,,"<td align=""center"" width=""75""> </td>",Uncle Steve's Hot Stuff
Almapaprika,,,,,1000.0,1500,,,"<td align=""center"" width=""75""> </td>",Uncle Steve's Hot Stuff
Dedo de Moca,,,,,1000.0,1500,,,"<td align=""center"" width=""75""> </td>",Uncle Steve's Hot Stuff
Mulato Isleño,,,,,1000.0,1500,,,"<td align=""center"" width=""75""> </td>",Uncle Steve's Hot Stuff
TAM Mild Jalapeno,,,,,1000.0,1500,,,"<td align=""center"" width=""75""> </td>",Uncle Steve's Hot Stuff
Poblano,,,,,500.0,2000,,,"<td align=""center"" width=""75""> </td>",Uncle Steve's Hot Stuff
Espanola,,,,,1000.0,2000,,,"<td align=""center"" width=""75""> </td>",Uncle Steve's Hot Stuff
Ancho,,,,,1000.0,2000,,,"<td align=""center"" width=""75""> </td>",Uncle Steve's Hot Stuff
Mulato,,,,,1000.0,2000,,,"<td align=""center"" width=""75""> </td>",Uncle Steve's Hot Stuff
Pasilla,,,,,1000.0,2000,,,"<td align=""center"" width=""75""> </td>",Uncle Steve's Hot Stuff
NuMex Española,,,,,1500.0,2000,,,"<td align=""center"" width=""75""> </td>",Uncle Steve's Hot Stuff
Anaheim,,,,,500.0,2500,,,"<td align=""center"" width=""75""> </td>",Uncle Steve's Hot Stuff
Sandia,,,,,500.0,2500,,,"<td align=""center"" width=""75""> </td>",Uncle Steve's Hot Stuff
Cascabel,,,,,1000.0,2500,,,"<td align=""center"" width=""75""> </td>",Uncle Steve's Hot Stuff
Poinsettia,,,,,1300.0,2500,,,"<td align=""center"" width=""75""> </td>",Uncle Steve's Hot Stuff
Aji Andina,,,,,1000.0,2500,,,"<td align=""center"" width=""75""> </td>",Uncle Steve's Hot Stuff
Aji Benito,,,,,1000.0,2500,,,"<td align=""center"" width=""75""> </td>",Uncle Steve's Hot Stuff
Alcalde,,,,,1300.0,2500,,,"<td align=""center"" width=""75""> </td>",Uncle Steve's Hot Stuff
Ammazzo,,,,,1300.0,2500,,,"<td align=""center"" width=""75""> </td>",Uncle Steve's Hot Stuff
Calabria,,,,,1300.0,2500,,,"<td align=""center"" width=""75""> </td>",Uncle Steve's Hot Stuff
NuMex Big Jim,,,,,1500.0,2500,,,"<td align=""center"" width=""75""> </td>",Uncle Steve's Hot Stuff
Rocotillo,,,,,1500.0,2500,,,"<td align=""center"" width=""75""> </td>",Uncle Steve's Hot Stuff
Peter,annuum,low-medium,,,1500.0,2500,,,http://ushotstuff.com/pepper-seeds/PeterPepperSeeds.htm,Uncle Steve's Hot Stuff
Pulla,,,,,700.0,3000,,,"<td align=""center"" width=""75""> </td>",Uncle Steve's Hot Stuff
Puya,,,,,900.0,3000,,,"<td align=""center"" width=""75""> </td>",Uncle Steve's Hot Stuff
Merah,,,,,2000.0,3200,,,"<td align=""center"" width=""75""> </td>",Uncle Steve's Hot Stuff
NuMex Joe E. Parker,,,,,1500.0,3500,,,"<td align=""center"" width=""75""> </td>",Uncle Steve's Hot Stuff
Espelette,,,,,1200.0,4000,,,"<td align=""center"" width=""75""> </td>",Uncle Steve's Hot Stuff
Cascabella,,,,,1500.0,4000,,,"<td align=""center"" width=""75""> </td>",Uncle Steve's Hot Stuff
San Ardo,,,,,1500.0,4000,,,"<td align=""center"" width=""75""> </td>",Uncle Steve's Hot Stuff
Big Jim Heritage,,,,,2000.0,4000,,,"<td align=""center"" width=""75""> </td>",Uncle Steve's Hot Stuff
Brazilian Starfish,,,,,2000.0,4000,,,"<td align=""center"" width=""75""> </td>",Uncle Steve's Hot Stuff
Espanola Improved,,,,,2000.0,4000,,,"<td align=""center"" width=""75""> </td>",Uncle Steve's Hot Stuff
Dhamraj,,,,,3500.0,4300,,,"<td align=""center"" width=""75""> </td>",Uncle Steve's Hot Stuff
Caloro,,,,,1000.0,5000,,,"<td align=""center"" width=""75""> </td>",Uncle Steve's Hot Stuff
Cyklon,,,,,1000.0,5000,,,"<td align=""center"" width=""75""> </td>",Uncle Steve's Hot Stuff
Nosegay,,,,,1000.0,5000,,,"<td align=""center"" width=""75""> </td>",Uncle Steve's Hot Stuff
NuMex Centennial,,,,,1000.0,5000,,,"<td align=""center"" width=""75""> </td>",Uncle Steve's Hot Stuff
Pimientos de Padrón,,,,,1000.0,5000,,,"<td align=""center"" width=""75""> </td>",Uncle Steve's Hot Stuff
Bulgarian Carrot,,,,,2000.0,5000,,,"<td align=""center"" width=""75""> </td>",Uncle Steve's Hot Stuff
NuMex Primavera,,,,,2000.0,5000,,,"<td align=""center"" width=""75""> </td>",Uncle Steve's Hot Stuff
Ubatuba Cambuci,,,,,2000.0,5000,,,"<td align=""center"" width=""75""> </td>",Uncle Steve's Hot Stuff
Atomic Heart,,,,,2500.0,5000,,,"<td align=""center"" width=""75""> </td>",Uncle Steve's Hot Stuff
Azr,,,,,2500.0,5000,,,"<td align=""center"" width=""75""> </td>",Uncle Steve's Hot Stuff
Baccio di Satana,,,,,2500.0,5000,,,"<td align=""center"" width=""75""> </td>",Uncle Steve's Hot Stuff
Bermuda,,,,,2500.0,5000,,,"<td align=""center"" width=""75""> </td>",Uncle Steve's Hot Stuff
Bouquet,,,,,2500.0,5000,,,"<td align=""center"" width=""75""> </td>",Uncle Steve's Hot Stuff
Cenoura Búlgara,,,,,2500.0,5000,,,"<td align=""center"" width=""75""> </td>",Uncle Steve's Hot Stuff
Cereja,,,,,2500.0,5000,,,"<td align=""center"" width=""75""> </td>",Uncle Steve's Hot Stuff
Chilaca,,,,,2500.0,5000,,,"<td align=""center"" width=""75""> </td>",Uncle Steve's Hot Stuff
Chilcostle,,,,,2500.0,5000,,,"<td align=""center"" width=""75""> </td>",Uncle Steve's Hot Stuff
Chile de Cuscutlan,,,,,2500.0,5000,,,"<td align=""center"" width=""75""> </td>",Uncle Steve's Hot Stuff
Chintexle,,,,,2500.0,5000,,,"<td align=""center"" width=""75""> </td>",Uncle Steve's Hot Stuff
Cochabamba,,,,,2500.0,5000,,,"<td align=""center"" width=""75""> </td>",Uncle Steve's Hot Stuff
Cochiti,,,,,2500.0,5000,,,"<td align=""center"" width=""75""> </td>",Uncle Steve's Hot Stuff
Costeño,,,,,2500.0,5000,,,"<td align=""center"" width=""75""> </td>",Uncle Steve's Hot Stuff
Costeño Amarillo,,,,,2500.0,5000,,,"<td align=""center"" width=""75""> </td>",Uncle Steve's Hot Stuff
Dhanraj,,,,,2500.0,5000,,,"<td align=""center"" width=""75""> </td>",Uncle Steve's Hot Stuff
Equador Roxa,,,,,2500.0,5000,,,"<td align=""center"" width=""75""> </td>",Uncle Steve's Hot Stuff
Floral Gem,,,,,2500.0,5000,,,"<td align=""center"" width=""75""> </td>",Uncle Steve's Hot Stuff
Fogo Explosivo,,,,,2500.0,5000,,,"<td align=""center"" width=""75""> </td>",Uncle Steve's Hot Stuff
Fresno Supreme,,,,,2500.0,5000,,,"<td align=""center"" width=""75""> </td>",Uncle Steve's Hot Stuff
Goan,,,,,2500.0,5000,,,"<td align=""center"" width=""75""> </td>",Uncle Steve's Hot Stuff
Golden Nugget,,,,,2500.0,5000,,,"<td align=""center"" width=""75""> </td>",Uncle Steve's Hot Stuff
Guajillo,,,,,2500.0,5000,,,"<td align=""center"" width=""75""> </td>",Uncle Steve's Hot Stuff
Gulbarga,,,,,2500.0,5000,,,"<td align=""center"" width=""75""> </td>",Uncle Steve's Hot Stuff
Guntur,,,,,2500.0,5000,,,"<td align=""center"" width=""75""> </td>",Uncle Steve's Hot Stuff
Hari Mirch,,,,,2500.0,5000,,,"<td align=""center"" width=""75""> </td>",Uncle Steve's Hot Stuff
Hidalgo,,,,,2500.0,5000,,,"<td align=""center"" width=""75""> </td>",Uncle Steve's Hot Stuff
Huachinango,,,,,2500.0,5000,,,"<td align=""center"" width=""75""> </td>",Uncle Steve's Hot Stuff
Huasteco,,,,,2500.0,5000,,,"<td align=""center"" width=""75""> </td>",Uncle Steve's Hot Stuff
Huatulco Puntado,,,,,2500.0,5000,,,"<td align=""center"" width=""75""> </td>",Uncle Steve's Hot Stuff
Inca,,,,,2500.0,5000,,,"<td align=""center"" width=""75""> </td>",Uncle Steve's Hot Stuff
Inchanga,,,,,2500.0,5000,,,"<td align=""center"" width=""75""> </td>",Uncle Steve's Hot Stuff
Isleta,,,,,2500.0,5000,,,"<td align=""center"" width=""75""> </td>",Uncle Steve's Hot Stuff
Jemes,,,,,2500.0,5000,,,"<td align=""center"" width=""75""> </td>",Uncle Steve's Hot Stuff
Kalia,,,,,2500.0,5000,,,"<td align=""center"" width=""75""> </td>",Uncle Steve's Hot Stuff
Kerinting,,,,,2500.0,5000,,,"<td align=""center"" width=""75""> </td>",Uncle Steve's Hot Stuff
Kori Sitakame,,,,,2500.0,5000,,,"<td align=""center"" width=""75""> </td>",Uncle Steve's Hot Stuff
Mirasol,,,,,2500.0,5000,,,"<td align=""center"" width=""75""> </td>",Uncle Steve's Hot Stuff
NuMex Rio Grande,,,,,2500.0,5000,,,"<td align=""center"" width=""75""> </td>",Uncle Steve's Hot Stuff
Volcano,,,,,2500.0,5000,,,"<td align=""center"" width=""75""> </td>",Uncle Steve's Hot Stuff
Goat Horn,,,,,3000.0,5000,,,"<td align=""center"" width=""75""> </td>",Uncle Steve's Hot Stuff
NM 6-4 Heritage,,,,,3000.0,5000,,,"<td align=""center"" width=""75""> </td>",Uncle Steve's Hot Stuff
Chimayo,,,,,4000.0,6000,,,"<td align=""center"" width=""75""> </td>",Uncle Steve's Hot Stuff
Hatch Green,,,,,5000.0,6000,,,"<td align=""center"" width=""75""> </td>",Uncle Steve's Hot Stuff
Barker's Hot,,,,,500.0,7000,,,"<td align=""center"" width=""75""> </td>",Uncle Steve's Hot Stuff
Chipotle,,,,,5000.0,8000,,,http://ushotstuff.com/Cpages/ChipotleChilePowder.htm,Uncle Steve's Hot Stuff
Fresno,,,,,2500.0,8500,,,"<td align=""center"" width=""75""> </td>",Uncle Steve's Hot Stuff
Long Thick Cayenne,,,,,6000.0,8500,,,"<td align=""center"" width=""75""> </td>",Uncle Steve's Hot Stuff
Jalapeño,,,,,2500.0,8000,,,"<td align=""center"" width=""75""> </td>",Uncle Steve's Hot Stuff
Pretty Purple,,,,,4000.0,8000,,,"<td align=""center"" width=""75""> </td>",Uncle Steve's Hot Stuff
Purple Tiger 'Trifetti',,,,,4000.0,9000,,,"<td align=""center"" width=""75""> </td>",Uncle Steve's Hot Stuff
Hot Wax,,,,,5000.0,9000,,,"<td align=""center"" width=""75""> </td>",Uncle Steve's Hot Stuff
Sandia Hot,,,,,7000.0,9000,,,"<td align=""center"" width=""75""> </td>",Uncle Steve's Hot Stuff
Earbob,,,,,3000.0,10000,,,"<td align=""center"" width=""75""> </td>",Uncle Steve's Hot Stuff
Hungarian Hot Wax,,,,,5000.0,10000,,,"<td align=""center"" width=""75""> </td>",Uncle Steve's Hot Stuff
NuMex Sandia,,,,,5000.0,10000,,,"<td align=""center"" width=""75""> </td>",Uncle Steve's Hot Stuff
Kung Pao,,,,,8000.0,10000,,,"<td align=""center"" width=""75""> </td>",Uncle Steve's Hot Stuff
Lumbre Hot,,,,,9000.0,10000,,,"<td align=""center"" width=""75""> </td>",Uncle Steve's Hot Stuff
Chili Maya,,,,,8000.0,11000,,,"<td align=""center"" width=""75""> </td>",Uncle Steve's Hot Stuff
Abbraccio,,,,,5000.0,15000,,,"<td align=""center"" width=""75""> </td>",Uncle Steve's Hot Stuff
Afegã Curta,,,,,5000.0,15000,,,"<td align=""center"" width=""75""> </td>",Uncle Steve's Hot Stuff
Aji Cobincho,,,,,5000.0,15000,,,"<td align=""center"" width=""75""> </td>",Uncle Steve's Hot Stuff
Balãozinho,,,,,5000.0,15000,,,"<td align=""center"" width=""75""> </td>",Uncle Steve's Hot Stuff
Bishop's Crown,,,,,5000.0,15000,,,"<td align=""center"" width=""75""> </td>",Uncle Steve's Hot Stuff
Cseresznye Paprika,,,,,5000.0,15000,,,"<td align=""center"" width=""75""> </td>",Uncle Steve's Hot Stuff
Dutch Red,,,,,5000.0,15000,,,"<td align=""center"" width=""75""> </td>",Uncle Steve's Hot Stuff
Estrela-do-Mar,,,,,5000.0,15000,,,"<td align=""center"" width=""75""> </td>",Uncle Steve's Hot Stuff
Israeli Hot,,,,,5000.0,15000,,,"<td align=""center"" width=""75""> </td>",Uncle Steve's Hot Stuff
Jarales,,,,,5000.0,15000,,,"<td align=""center"" width=""75""> </td>",Uncle Steve's Hot Stuff
Aji Bento,,,,,9000.0,15500,,,"<td align=""center"" width=""75""> </td>",Uncle Steve's Hot Stuff
Hidalgo,,,,,6000.0,17000,,,"<td align=""center"" width=""75""> </td>",Uncle Steve's Hot Stuff
Aji Escabeche,,,,,12000.0,17000,,,"<td align=""center"" width=""75""> </td>",Uncle Steve's Hot Stuff
Serrano,,,,,8000.0,22000,,,"<td align=""center"" width=""75""> </td>",Uncle Steve's Hot Stuff
Tears Of Fire,,,,,19000.0,23600,,,"<td align=""center"" width=""75""> </td>",Uncle Steve's Hot Stuff
Peruvian Purple,,,,,15000.0,25000,,,"<td align=""center"" width=""75""> </td>",Uncle Steve's Hot Stuff
Tian Ying,,,,,18000.0,25000,,,"<td align=""center"" width=""75""> </td>",Uncle Steve's Hot Stuff
Gambia,,,,,18000.0,26500,,,"<td align=""center"" width=""75""> </td>",Uncle Steve's Hot Stuff
Stumpy,,,,,10000.0,27000,,,"<td align=""center"" width=""75"">
</td>",Uncle Steve's Hot Stuff
Bolivian Rainbow,annuum,hot,,,10000.0,28000,,,http://ushotstuff.com/pepper-seeds/BolivianRainbowSeeds.htm,Uncle Steve's Hot Stuff
Punjab,,,,,21000.0,29500,,,"<td align=""center"" width=""75""> </td>",Uncle Steve's Hot Stuff
Cabai Burong,,,,,5000.0,30000,,,"<td align=""center"" width=""75""> </td>",Uncle Steve's Hot Stuff
Cabai Merah Besar,,,,,5000.0,30000,,,"<td align=""center"" width=""75""> </td>",Uncle Steve's Hot Stuff
Fish Pepper,,,,,5000.0,30000,,,"<td align=""center"" width=""75""> </td>",Uncle Steve's Hot Stuff
Holiday Cheer,,,,,5000.0,30000,,,"<td align=""center"" width=""75""> </td>",Uncle Steve's Hot Stuff
Hot Portugal,,,,,5000.0,30000,,,"<td align=""center"" width=""75""> </td>",Uncle Steve's Hot Stuff
Inca Red Drop,,,,,5000.0,30000,,,"<td align=""center"" width=""75""> </td>",Uncle Steve's Hot Stuff
New Delhi Long,,,,,5000.0,30000,,,"<td align=""center"" width=""75""> </td>",Uncle Steve's Hot Stuff
Onza Red,,,,,5000.0,30000,,,"<td align=""center"" width=""75""> </td>",Uncle Steve's Hot Stuff
Onza Yellow,,,,,5000.0,30000,,,"<td align=""center"" width=""75""> </td>",Uncle Steve's Hot Stuff
Orozco,,,,,5000.0,30000,,,"<td align=""center"" width=""75""> </td>",Uncle Steve's Hot Stuff
Royal Black,,,,,5000.0,30000,,,"<td align=""center"" width=""75""> </td>",Uncle Steve's Hot Stuff
Black Prince,,,,,10000.0,30000,,,"<td align=""center"" width=""75""> </td>",Uncle Steve's Hot Stuff
Takanotsume,,,,,10000.0,30000,,,"<td align=""center"" width=""75""> </td>",Uncle Steve's Hot Stuff
Manzano,,,,,12000.0,30000,,,"<td align=""center"" width=""75""> </td>",Uncle Steve's Hot Stuff
Shipkas,,,,,12000.0,30000,,,"<td align=""center"" width=""75""> </td>",Uncle Steve's Hot Stuff
Abchazskij Ostruyi,,,,,15000.0,30000,,,"<td align=""center"" width=""75""> </td>",Uncle Steve's Hot Stuff
Afega Longa,,,,,15000.0,30000,,,"<td align=""center"" width=""75""> </td>",Uncle Steve's Hot Stuff
Aji Carmine,,,,,15000.0,30000,,,"<td align=""center"" width=""75""> </td>",Uncle Steve's Hot Stuff
Aji Criolla Sella,,,,,15000.0,30000,,,"<td align=""center"" width=""75""> </td>",Uncle Steve's Hot Stuff
Assam,,,,,15000.0,30000,,,"<td align=""center"" width=""75""> </td>",Uncle Steve's Hot Stuff
Ata Barukono,,,,,15000.0,30000,,,"<td align=""center"" width=""75""> </td>",Uncle Steve's Hot Stuff
Australian Latern,,,,,15000.0,30000,,,"<td align=""center"" width=""75""> </td>",Uncle Steve's Hot Stuff
Berbere,,,,,15000.0,30000,,,"<td align=""center"" width=""75""> </td>",Uncle Steve's Hot Stuff
Beslers Cherry,,,,,15000.0,30000,,,"<td align=""center"" width=""75""> </td>",Uncle Steve's Hot Stuff
Bode Amarela,,,,,15000.0,30000,,,"<td align=""center"" width=""75""> </td>",Uncle Steve's Hot Stuff
Bombilla Amarilla,,,,,15000.0,30000,,,"<td align=""center"" width=""75""> </td>",Uncle Steve's Hot Stuff
Bonanza Brasileira,,,,,15000.0,30000,,,"<td align=""center"" width=""75""> </td>",Uncle Steve's Hot Stuff
Bubba,,,,,15000.0,30000,,,"<td align=""center"" width=""75""> </td>",Uncle Steve's Hot Stuff
Caballero,,,,,15000.0,30000,,,"<td align=""center"" width=""75""> </td>",Uncle Steve's Hot Stuff
Chao Tian Jiao,,,,,15000.0,30000,,,"<td align=""center"" width=""75""> </td>",Uncle Steve's Hot Stuff
Cheyenne,,,,,15000.0,30000,,,"<td align=""center"" width=""75""> </td>",Uncle Steve's Hot Stuff
Chi Chien,,,,,15000.0,30000,,,"<td align=""center"" width=""75""> </td>",Uncle Steve's Hot Stuff
Chile Inayague,,,,,15000.0,30000,,,"<td align=""center"" width=""75""> </td>",Uncle Steve's Hot Stuff
Chile Maya,,,,,15000.0,30000,,,"<td align=""center"" width=""75""> </td>",Uncle Steve's Hot Stuff
Chile Pepe,,,,,15000.0,30000,,,"<td align=""center"" width=""75""> </td>",Uncle Steve's Hot Stuff
Chilito de Simojovel,,,,,15000.0,30000,,,"<td align=""center"" width=""75""> </td>",Uncle Steve's Hot Stuff
Chinchi Uchu,,,,,15000.0,30000,,,"<td align=""center"" width=""75""> </td>",Uncle Steve's Hot Stuff
Chivato,,,,,15000.0,30000,,,"<td align=""center"" width=""75""> </td>",Uncle Steve's Hot Stuff
De Arbol,annuum,medium-hot,,,15000.0,30000,,,http://ushotstuff.com/pepper-seeds/DeArbolSeeds.htm,Uncle Steve's Hot Stuff
Dedo de Bahamas,,,,,15000.0,30000,,,"<td align=""center"" width=""75""> </td>",Uncle Steve's Hot Stuff
Erva de Bode,,,,,15000.0,30000,,,"<td align=""center"" width=""75""> </td>",Uncle Steve's Hot Stuff
Gâmbia Vermelha,,,,,15000.0,30000,,,"<td align=""center"" width=""75""> </td>",Uncle Steve's Hot Stuff
Golden Heat,,,,,15000.0,30000,,,"<td align=""center"" width=""75""> </td>",Uncle Steve's Hot Stuff
Hahony Kacho,,,,,15000.0,30000,,,"<td align=""center"" width=""75""> </td>",Uncle Steve's Hot Stuff
Havaiana,,,,,15000.0,30000,,,"<td align=""center"" width=""75""> </td>",Uncle Steve's Hot Stuff
Inca Glow,,,,,15000.0,30000,,,"<td align=""center"" width=""75""> </td>",Uncle Steve's Hot Stuff
Inca Laranja,,,,,15000.0,30000,,,"<td align=""center"" width=""75""> </td>",Uncle Steve's Hot Stuff
Kim Chi,,,,,15000.0,30000,,,"<td align=""center"" width=""75""> </td>",Uncle Steve's Hot Stuff
NuMex Barker's Hot,,,,,15000.0,30000,,,"<td align=""center"" width=""75""> </td>",Uncle Steve's Hot Stuff
Pimenta de Bode,,,,,15000.0,30000,,,"<td align=""center"" width=""75""> </td>",Uncle Steve's Hot Stuff
Serrano Tampiqueño,,,,,15000.0,30000,,,"<td align=""center"" width=""75""> </td>",Uncle Steve's Hot Stuff
Black Pearl,,,,,20000.0,30000,,,"<td align=""center"" width=""75""> </td>",Uncle Steve's Hot Stuff
Chupetinho,,,,,20000.0,30000,,,"<td align=""center"" width=""75""> </td>",Uncle Steve's Hot Stuff
Little Elf,,,,,20000.0,30000,,,"<td align=""center"" width=""75""> </td>",Uncle Steve's Hot Stuff
Jwala,,,,,20000.0,30000,,,"<td align=""center"" width=""75""> </td>",Uncle Steve's Hot Stuff
Dundicut,,,,,20000.0,40000,,,"<td align=""center"" width=""75""> </td>",Uncle Steve's Hot Stuff
Beni Highland,,,,,31500.0,42600,,,"<td align=""center"" width=""75""> </td>",Uncle Steve's Hot Stuff
Jaloro,,,,,30000.0,50000,,,"<td align=""center"" width=""75""> </td>",Uncle Steve's Hot Stuff
Aji,baccatuum,hot,,,30000.0,50000,,,http://ushotstuff.com/pepper-seeds/AjiHabaneroSeeds.htm,Uncle Steve's Hot Stuff
NuMex Luci Fairy,,,,,30000.0,50000,,,"<td align=""center"" width=""75""> </td>",Uncle Steve's Hot Stuff
Aci Sivri,,,,,30000.0,50000,,,"<td align=""center"" width=""75""> </td>",Uncle Steve's Hot Stuff
Akabare,,,,,30000.0,50000,,,"<td align=""center"" width=""75""> </td>",Uncle Steve's Hot Stuff
Aurora,,,,,30000.0,50000,,,"<td align=""center"" width=""75""> </td>",Uncle Steve's Hot Stuff
Bonney,,,,,30000.0,50000,,,"<td align=""center"" width=""75""> </td>",Uncle Steve's Hot Stuff
Jaloro,,,,,30000.0,50000,,,"<td align=""center"" width=""75""> </td>",Uncle Steve's Hot Stuff
Aji,baccatuum,hot,,,30000.0,50000,,,http://ushotstuff.com/pepper-seeds/AjiHabaneroSeeds.htm,Uncle Steve's Hot Stuff
Coban,,,,,30000.0,50000,,,"<td align=""center"" width=""75""> </td>",Uncle Steve's Hot Stuff
Cumari,,,,,30000.0,50000,,,"<td align=""center"" width=""75""> </td>",Uncle Steve's Hot Stuff
Demre,,,,,30000.0,50000,,,"<td align=""center"" width=""75""> </td>",Uncle Steve's Hot Stuff
Desi Teekhi,,,,,30000.0,50000,,,"<td align=""center"" width=""75""> </td>",Uncle Steve's Hot Stuff
Dhani,,,,,30000.0,50000,,,"<td align=""center"" width=""75""> </td>",Uncle Steve's Hot Stuff
Dieng Plateau,,,,,30000.0,50000,,,"<td align=""center"" width=""75""> </td>",Uncle Steve's Hot Stuff
Diente de Perro,,,,,30000.0,50000,,,"<td align=""center"" width=""75""> </td>",Uncle Steve's Hot Stuff
Dong Xuan,,,,,30000.0,50000,,,"<td align=""center"" width=""75""> </td>",Uncle Steve's Hot Stuff
Dunso,,,,,30000.0,50000,,,"<td align=""center"" width=""75""> </td>",Uncle Steve's Hot Stuff
Etna,,,,,30000.0,50000,,,"<td align=""center"" width=""75""> </td>",Uncle Steve's Hot Stuff
Faria,,,,,30000.0,50000,,,"<td align=""center"" width=""75""> </td>",Uncle Steve's Hot Stuff
Guarani,,,,,30000.0,50000,,,"<td align=""center"" width=""75""> </td>",Uncle Steve's Hot Stuff
Hermosillo,,,,,30000.0,50000,,,"<td align=""center"" width=""75""> </td>",Uncle Steve's Hot Stuff
DKurnool,,,,,30000.0,50000,,,"<td align=""center"" width=""75""> </td>",Uncle Steve's Hot Stuff
Maras Biber,,,,,30000.0,50000,,,"<td align=""center"" width=""75""> </td>",Uncle Steve's Hot Stuff
Purple Prince,,,,,30000.0,50000,,,"<td align=""center"" width=""75""> </td>",Uncle Steve's Hot Stuff
Lemon Drop,,,,,30000.0,50000,,,"<td align=""center"" width=""75""> </td>",Uncle Steve's Hot Stuff
Tabasco,,,,,30000.0,50000,,,"<td align=""center"" width=""75""> </td>",Uncle Steve's Hot Stuff
Cayenne,,,,,30000.0,50000,,,"<td align=""center"" width=""75""> </td>",Uncle Steve's Hot Stuff
Fiji,,,,,30000.0,50000,,,"<td align=""center"" width=""75""> </td>",Uncle Steve's Hot Stuff
Filius Blue,,,,,30000.0,50000,,,"<td align=""center"" width=""75""> </td>",Uncle Steve's Hot Stuff
Pusa Jwala,,,,,30000.0,50000,,,"<td align=""center"" width=""75""> </td>",Uncle Steve's Hot Stuff
Urfa Biber,,,,,30000.0,50000,,,"<td align=""center"" width=""75""> </td>",Uncle Steve's Hot Stuff
Santaka,,,,,40000.0,50000,,,"<td align=""center"" width=""75""> </td>",Uncle Steve's Hot Stuff
NuMex Piñata,,,,,40000.0,50000,,,"<td align=""center"" width=""75""> </td>",Uncle Steve's Hot Stuff
Super Chile,,,,,40000.0,50000,,,"<td align=""center"" width=""75""> </td>",Uncle Steve's Hot Stuff
African Pequin,,,,,40000.0,57000,,,"<td align=""center"" width=""75""> </td>",Uncle Steve's Hot Stuff
Piquin,,,,,40000.0,58000,,,"<td align=""center"" width=""75""> </td>",Uncle Steve's Hot Stuff
Prik Kee Noo,,,,,50000.0,70000,,,"<td align=""center"" width=""75""> </td>",Uncle Steve's Hot Stuff
Tien Tsin,,,,,50000.0,70000,,,"<td align=""center"" width=""75""> </td>",Uncle Steve's Hot Stuff
NuMex XX Hot,,,,,60000.0,70000,,,"<td align=""center"" width=""75""> </td>",Uncle Steve's Hot Stuff
Yatsafusa,,,,,50000.0,75000,,,"<td align=""center"" width=""75""> </td>",Uncle Steve's Hot Stuff
Red Amazon,,,,,55000.0,75000,,,"<td align=""center"" width=""75""> </td>",Uncle Steve's Hot Stuff
Haimen,,,,,70000.0,80000,,,"<td align=""center"" width=""75""> </td>",Uncle Steve's Hot Stuff
Suryaki Cluster,,,,,65000.0,81400,,,"<td align=""center"" width=""75""> </td>",Uncle Steve's Hot Stuff
Chiltecpin,annuum,hot-very hot,,,60000.0,85000,,,http://ushotstuff.com/pepper-seeds/TexasChiltepinSeeds.htm,Uncle Steve's Hot Stuff
Ring of Fire,,,,,70000.0,85000,,,"<td align=""center"" width=""75""> </td>",Uncle Steve's Hot Stuff
Cili Goronong,,,,,50000.0,100000,,,"<td align=""center"" width=""75""> </td>",Uncle Steve's Hot Stuff
Aji Charapa,,,,,50000.0,100000,,,"<td align=""center"" width=""75""> </td>",Uncle Steve's Hot Stuff
Thai,,,,,50000.0,100000,,,http://ushotstuff.com/pepper-seeds/ThaiOrnamentalSeeds.htm,Uncle Steve's Hot Stuff
Diablo Grande,,,,,60000.0,100000,,,"<td align=""center"" width=""75""> </td>",Uncle Steve's Hot Stuff
Malagueta,,,,,60000.0,100000,,,"<td align=""center"" width=""75""> </td>",Uncle Steve's Hot Stuff
Charleston,,,,,70000.0,100000,,,"<td align=""center"" width=""75""> </td>",Uncle Steve's Hot Stuff
Pico de Pajaro,,,,,70000.0,100000,,,"<td align=""center"" width=""75""> </td>",Uncle Steve's Hot Stuff
Merah,,,,,85000.0,100000,,,"<td align=""center"" width=""75""> </td>",Uncle Steve's Hot Stuff
Aji Cito,,,,,85000.0,108000,,,"<td align=""center"" width=""75""> </td>",Uncle Steve's Hot Stuff
Bahamian,,,,,95000.0,110000,,,"<td align=""center"" width=""75""> </td>",Uncle Steve's Hot Stuff
Tabiche,,,,,85000.0,115000,,,"<td align=""center"" width=""75""> </td>",Uncle Steve's Hot Stuff
Bahamian,,,,,95000.0,110000,,,"<td align=""center"" width=""75""> </td>",Uncle Steve's Hot Stuff
Assam,,,,,75000.0,121000,,,"<td align=""center"" width=""75""> </td>",Uncle Steve's Hot Stuff
Carolina Cayenne,,,,,100000.0,125000,,,"<td align=""center"" width=""75""> </td>",Uncle Steve's Hot Stuff
Thai Dragon,,,,,75000.0,140000,,,"<td align=""center"" width=""75""> </td>",Uncle Steve's Hot Stuff
Limo Blanco,,,,,100000.0,150000,,,"<td align=""center"" width=""75""> </td>",Uncle Steve's Hot Stuff
Cajamarca,,,,,125000.0,150000,,,"<td align=""center"" width=""75""> </td>",Uncle Steve's Hot Stuff
Kumataka,,,,,125000.0,150000,,,"<td align=""center"" width=""75""> </td>",Uncle Steve's Hot Stuff
Sparkler,,,,,100000.0,160000,,,"<td align=""center"" width=""75""> </td>",Uncle Steve's Hot Stuff
Rooster Spur,,,,,120000.0,170000,,,"<td align=""center"" width=""75""> </td>",Uncle Steve's Hot Stuff
Ecuador Hot,,,,,145000.0,186000,,,"<td align=""center"" width=""75""> </td>",Uncle Steve's Hot Stuff
Bahamian,,,,,125000.0,300000,,,"<td align=""center"" width=""75""> </td>",Uncle Steve's Hot Stuff
Jamaican Hot,,,,,100000.0,200000,,,"<td align=""center"" width=""75""> </td>",Uncle Steve's Hot Stuff
Birds Eye,,,,,100000.0,225000,,,"<td align=""center"" width=""75""> </td>",Uncle Steve's Hot Stuff
Maori,,,,,80000.0,240000,,,"<td align=""center"" width=""75""> </td>",Uncle Steve's Hot Stuff
Quintisho,,,,,100000.0,240000,,,"<td align=""center"" width=""75""> </td>",Uncle Steve's Hot Stuff
Pimenta de Neyde,,,,,100000.0,250000,,,"<td align=""center"" width=""75""> </td>",Uncle Steve's Hot Stuff
Rocoto / Manzano,,,,,125000.0,250000,,,"<td align=""center"" width=""75""> </td>",Uncle Steve's Hot Stuff
Madame Jeanette,,,,,175000.0,250000,,,"<td align=""center"" width=""75""> </td>",Uncle Steve's Hot Stuff
Tepin (Wild),annuum,hot-very hot,,,100000.0,265000,,,http://ushotstuff.com/pepper-seeds/TepinChileSeeds.htm,Uncle Steve's Hot Stuff
Texas Chiltepin,annuum,hot-very hot,,,100000.0,265000,,,http://ushotstuff.com/pepper-seeds/TexasChiltepinSeeds.htm,Uncle Steve's Hot Stuff
Datil,,,,,100000.0,300000,,,"<td align=""center"" width=""75""> </td>",Uncle Steve's Hot Stuff
Zimbabwe Bird,,,,,180000.0,300000,,,"<td align=""center"" width=""75""> </td>",Uncle Steve's Hot Stuff
Devil Tongue,chinense,very hot,,,125000.0,325000,,,http://ushotstuff.com/pepper-seeds/DevilTongueSeeds.htm,Uncle Steve's Hot Stuff
Fatalii,chinense,very hot,,,125000.0,325000,,,http://ushotstuff.com/pepper-seeds/FataliiSeeds.htm,Uncle Steve's Hot Stuff
White Habanero,,,,,130000.0,325000,,,"<td align=""center"" width=""75""> </td>",Uncle Steve's Hot Stuff
Orange Habanero,,,,,150000.0,325000,,,"<td align=""center"" width=""75""> </td>",Uncle Steve's Hot Stuff
Scotch Bonnet,,,,,90000.0,325000,,,"<td align=""center"" width=""75""> </td>",Uncle Steve's Hot Stuff
TigrePaw-NR,,,,,265000.0,348000,,,"<td align=""center"" width=""75""> </td>",Uncle Steve's Hot Stuff
Adjuma,,,,,150000.0,350000,,,"<td align=""center"" width=""75""> </td>",Uncle Steve's Hot Stuff
Caribbean Red,,,,,120000.0,400000,,,"<td align=""center"" width=""75""> </td>",Uncle Steve's Hot Stuff
Choclate Habanero,chinense,very hot,,,325000.0,425000,,,http://ushotstuff.com/pepper-seeds/ChocolateHabaneroSeeds.htm,Uncle Steve's Hot Stuff
Aribibi Gusano,,,,,300000.0,470000,,,"<td align=""center"" width=""75""> </td>",Uncle Steve's Hot Stuff
Aji Chombo,,,,,100000.0,500000,,,"<td align=""center"" width=""75""> </td>",Uncle Steve's Hot Stuff
Pingo de Ouro,,,,,100000.0,500000,,,"<td align=""center"" width=""75""> </td>",Uncle Steve's Hot Stuff
Red Savina Habanero,,,,,350000.0,575000,,,http://ushotstuff.com/Cpages/RedSavinaHabaneroPowder.htm,Uncle Steve's Hot Stuff
Habanaga,,,,,500000.0,800000,,,"<td align=""center"" width=""75""> </td>",Uncle Steve's Hot Stuff
Nagabon,,,,,750000.0,800000,,,"<td align=""center"" width=""75""> </td>",Uncle Steve's Hot Stuff
Raja Mirch,,,,,800000.0,900000,,,"<td align=""center"" width=""75""> </td>",Uncle Steve's Hot Stuff
Dorset Naga,,,,,800000.0,970000,,,"<td align=""center"" width=""75""> </td>",Uncle Steve's Hot Stuff
Naga Morich,,,,,770000.0,1034910,,,"<td align=""center"" width=""75""> </td>",Uncle Steve's Hot Stuff
Infinity,,,,,800000.0,1067286,,,"<td align=""center"" width=""75""> 
          </td>",Uncle Steve's Hot Stuff
Naga Gibralta,,,,,900000.0,1086844,,,"<td align=""center"" width=""75""> 
       </td>",Uncle Steve's Hot Stuff
Naga Viper,,,,,800000.0,1382118,,,"<td align=""center"" width=""75""> 
       </td>",Uncle Steve's Hot Stuff
Trinidad Scorpion,chinense,verry hot,,,1029000.0,1390000,,,http://ushotstuff.com/pepper-seeds/TrinidadScorpionSeeds.htm,Uncle Steve's Hot Stuff
"Naga Jolokia ""Ghost Pepper""",chinense,nuclear,,,1020000.0,1578000,,,http://ushotstuff.com/pepper-seeds/NagaJolokiaRedSeeds.htm,Uncle Steve's Hot Stuff
Choclate 7 Pot,,,,,1169000.0,1850000,,,"<td align=""center"" width=""75""> 
       </td>",Uncle Steve's Hot Stuff
Moruga Scorpion,,,,,1200000.0,2009231,,,http://ushotstuff.com/pepper-seeds/MorugaScorpionSeeds.htm,Uncle Steve's Hot Stuff
Carolina Reaper,,,,,1200000.0,2100000,,,"<td align=""center"" width=""75""> 
       </td>",Uncle Steve's Hot Stuff
Common Pepper Spray,,,,,2000000.0,3000000,,,http://ushotstuff.com/Heat.Scale.htm,Uncle Steve's Hot Stuff
Police Grade Spray,,,,,,5300000,,,http://ushotstuff.com/Heat.Scale.htm,Uncle Steve's Hot Stuff
Homodihydrocapsaicin,,,,,,8600000,,,http://ushotstuff.com/Heat.Scale.htm,Uncle Steve's Hot Stuff
Nordihydrocapsaicin,,,,,,9100000,,,http://ushotstuff.com/Heat.Scale.htm,Uncle Steve's Hot Stuff
Pure Capsaicin,,,,,15000000.0,16000000,,,http://ushotstuff.com/Heat.Scale.htm,Uncle Steve's Hot Stuff
